Account,ChkRef,Debit,Credit,Balance,Date,Description
102749,,,469.69,,1/30/2026,Square Inc SQ260130 T33P78HRM5MN5E6
102749,,,21.67,,1/30/2026,GRUBHUB INC Jan Actvty XXXXXX2808xbjLv
102749,,19.31,,,1/30/2026,ADP PAYROLL FEES ADP FEES 932338567697
102749,,619.80,,,1/30/2026,ADP Tax ADP Tax KY6P4 013005A01
102749,,2176.19,,,1/30/2026,ADP WAGE PAY WAGE PAY 3250658881256P4
102749,,,308.57,,1/29/2026,Square Inc SQ260129 T3KG3E3Z9GMMG8N
102749,,,481.24,,1/28/2026,Square Inc SQ260128 T3ZV7MN6TP9R83G
102749,50111,493.46,,,1/27/2026,Check #50111
102749,,,15.86,,1/27/2026,EDI PAYMNT UBER USA 6787 REF*TN*54X1LEEH1T\
102749,50112,113.58,,,1/26/2026,Check #50112
102749,,,190.86,,1/26/2026,Square Inc SQ260126 T3231T8HPAF1P6G
102749,,,280.22,,1/26/2026,Square Inc SQ260126 T3FKFWDVCK0K1J8
102749,,1000.00,,,1/26/2026,CITI THANKYOU AUTO PYMT 721890361660066
102749,,553.18,,,1/26/2026,Sams BRC SYF PAYMNT 556053111435272
102749,,2365.84,,,1/23/2026,ADP WAGE PAY WAGE PAY 9254405718066P4
102749,,653.10,,,1/23/2026,ADP Tax ADP Tax KY6P4 012304A01
102749,,,488.40,,1/23/2026,Square Inc SQ260123 T3QJY39XTB9F5PX
102749,,19.31,,,1/23/2026,ADP PAYROLL FEES ADP FEES 930641480110
102749,,,277.28,,1/22/2026,Square Inc SQ260122 T3M3VM6QCWW8WGG
102749,,,68.00,,1/21/2026,Deposit
102749,,,113.00,,1/21/2026,Deposit
102749,,,80.00,,1/21/2026,Deposit
102749,,,189.00,,1/21/2026,Deposit
102749,,,108.00,,1/21/2026,Deposit
102749,,,97.00,,1/21/2026,Deposit
102749,,,747.00,,1/21/2026,Deposit
102749,,,230.00,,1/21/2026,Deposit
102749,,,794.00,,1/21/2026,Deposit
102749,,,742.00,,1/21/2026,Deposit
102749,,,257.00,,1/21/2026,Deposit
102749,,,40.00,,1/21/2026,Deposit
102749,,,290.00,,1/21/2026,Deposit
102749,,,101.00,,1/21/2026,Deposit
102749,,,125.00,,1/21/2026,Deposit
102749,,,128.00,,1/21/2026,Deposit
102749,,,320.00,,1/21/2026,Deposit
102749,,,378.00,,1/21/2026,Deposit
102749,,,144.00,,1/21/2026,Deposit
102749,,,381.40,,1/21/2026,Square Inc SQ260121 T31KZN8J06SV97Q
102749,,,231.00,,1/21/2026,Deposit
102749,,,426.00,,1/21/2026,Deposit
102749,,,166.00,,1/21/2026,Deposit
102749,,,107.00,,1/21/2026,Deposit
102749,,,95.00,,1/21/2026,Deposit
102749,,,337.00,,1/21/2026,Deposit
102749,,,240.00,,1/21/2026,Deposit
102749,,,273.00,,1/21/2026,Deposit
102749,,,84.00,,1/21/2026,Deposit
102749,,,676.00,,1/21/2026,Deposit
102749,,,685.00,,1/21/2026,Deposit
102749,,,125.00,,1/21/2026,Deposit
102749,,,21.68,,1/20/2026,EDI PAYMNT UBER USA 6787 REF*TN*ZCKRSC6GGV\
102749,,,911.97,,1/20/2026,Square Inc SQ260120 T30E0GVR7ZVDP4P
102749,,,494.80,,1/20/2026,Square Inc SQ260120 T37JA2YBT9AEFZX
102749,,,2266.70,,1/20/2026,Square Inc SQ260120 T30VMYBH4G48GAP
102749,,656.94,,,1/16/2026,ADP Tax ADP Tax KY6P4 011603A01
102749,,19.31,,,1/16/2026,ADP PAYROLL FEES ADP FEES 932139778231
102749,,,483.95,,1/16/2026,Square Inc SQ260116 T3WC65N6996HHPR
102749,,2387.82,,,1/16/2026,ADP WAGE PAY WAGE PAY 3750799331426P4
102749,,,458.66,,1/15/2026,Square Inc SQ260115 T32AMB9X46Q013B
102749,,,296.59,,1/14/2026,Square Inc SQ260114 T3EQJNR15MFZGVD
102749,,,421.83,,1/13/2026,Square Inc SQ260113 T303F4W2A5E7HFK
102749,,,23.69,,1/13/2026,EDI PAYMNT UBER USA 6787 REF*TN*JD6TDCDGBS\
102749,,,487.96,,1/12/2026,Square Inc SQ260112 T3T88JTV3BR6SET
102749,,,2425.22,,1/12/2026,Square Inc SQ260112 T38AWJ15FFM378W
102749,,3443.42,,,1/12/2026,CITI CARD ONLINE PAYMENT 431906489148434
102749,,20.17,,,1/9/2026,ADP PAYROLL FEES ADP FEES 930441350231
102749,,,16.08,,1/9/2026,GRUBHUB INC Jan Actvty XXXXXX0708xbjLv
102749,,,392.95,,1/9/2026,Square Inc SQ260109 T32CN52GWGKG0XC
102749,,598.31,,,1/9/2026,ADP Tax ADP Tax KY6P4 010902A01
102749,,1940.44,,,1/9/2026,ADP WAGE PAY WAGE PAY 5880750600566P4
102749,,,623.48,,1/8/2026,Square Inc SQ260108 T39TZW3SSRWJDVH
102749,,,834.35,,1/7/2026,Square Inc SQ260107 T3SYEV0FRWE0RPA
102749,,9419.30,,,1/7/2026,SIMON PROP GROUP RENTAL XXXXX0374
102749,,,866.61,,1/6/2026,Square Inc SQ260106 T33X70X482QYX3G
102749,,2494.54,,,1/5/2026,ADP WAGE PAY WAGE PAY 7350762228066P4
102749,,20.17,,,1/5/2026,ADP PAYROLL FEES ADP FEES 506100527540
102749,,,3047.41,,1/5/2026,Square Inc SQ260105 T3W2PZS9Y7R5AR5
102749,,232.99,,,1/5/2026,AMTRUST NA PAYMENT 41682183
102749,,,1679.39,,1/5/2026,Square Inc SQ260105 T3ZJBKPF3ZE4V08
102749,,779.38,,,1/5/2026,ADP Tax ADP Tax KY6P4 010301A01
102749,,,1116.31,,1/2/2026,Square Inc SQ260102 T3E8C9YV4QTQBCP
102749,1166,7012.93,,,1/2/2026,Check #1166
102749,,358.75,,,1/2/2026,ATMOS ENERGY RCR UTIL PYMT 003058682333
102749,,,1656.74,,1/2/2026,Square Inc SQ260102 T3JW32FN7ZGTPPD